"query","significant","p_value","term_size","query_size","intersection_size","precision","recall","term_id","source","term_name","effective_domain_size","source_order","evidence_codes","intersection","parents_str"
"query_1",TRUE,0.0016273658538632,37,31,7,0.225806451612903,0.189189189189189,"GO:0001501","GO:BP","skeletal system development",1915,318,"IMP,IMP,IMP,IMP,IMP,IGI,IMP","ENSMUSG00000008575,ENSMUSG00000028565,ENSMUSG00000038301,ENSMUSG00000036356,ENSMUSG00000001911,ENSMUSG00000021665,ENSMUSG00000024639","GO:0048731"
"query_1",TRUE,0.00598116327514877,3,31,3,0.0967741935483871,1,"GO:0021780","GO:BP","glial cell fate specification",1915,6358,"IMP,IMP,IMP","ENSMUSG00000008575,ENSMUSG00000028565,ENSMUSG00000001911","GO:0001708,GO:0021781"
"query_1",TRUE,0.00598116327514877,3,31,3,0.0967741935483871,1,"GO:0021781","GO:BP","glial cell fate commitment",1915,6359,"IMP,IMP,IMP","ENSMUSG00000008575,ENSMUSG00000028565,ENSMUSG00000001911","GO:0010001,GO:0045165"
"query_1",TRUE,0.0148663422863087,71,31,8,0.258064516129032,0.112676056338028,"GO:1903047","GO:BP","mitotic cell cycle process",1915,22727,"ISO,IMP,IMP,ISS ISO,ISO,IMP,ISS ISO,ISO","ENSMUSG00000042807,ENSMUSG00000008575,ENSMUSG00000028565,ENSMUSG00000057614,ENSMUSG00000029004,ENSMUSG00000001911,ENSMUSG00000039233,ENSMUSG00000013663","GO:0000278,GO:0022402"
